,date,warehouse,client_type,product_line,quantity,unit_price,total,payment
0,01/06/2021,Central,Retail,Miscellaneous,8,16.85,134.83,Credit card
1,01/06/2021,North,Retail,Breaking system,9,19.29,173.61,Cash
2,01/06/2021,North,Retail,Suspension & traction,8,32.93,263.45,Credit card
4,01/06/2021,Central,Retail,Engine,2,60.48,120.96,Credit card
6,01/06/2021,West,Retail,Electrical system,2,27.2,54.41,Credit card
7,01/06/2021,Central,Retail,Breaking system,10,22.44,224.38,Credit card
9,01/06/2021,North,Retail,Frame & body,6,45.44,272.61,Credit card
10,01/06/2021,Central,Retail,Frame & body,6,38.2,229.22,Credit card
11,01/06/2021,Central,Retail,Suspension & traction,6,37.45,224.71,Credit card
12,02/06/2021,Central,Retail,Suspension & traction,6,28.67,172.01,Credit card
13,02/06/2021,Central,Retail,Breaking system,9,15.1,135.92,Credit card
14,02/06/2021,Central,Retail,Electrical system,10,22.37,223.68,Credit card
15,02/06/2021,West,Retail,Breaking system,2,24.97,49.94,Credit card
16,02/06/2021,North,Retail,Frame & body,1,40.41,40.41,Credit card
17,02/06/2021,North,Retail,Miscellaneous,6,20.28,121.66,Credit card
18,02/06/2021,Central,Retail,Frame & body,6,40.77,244.63,Credit card
19,02/06/2021,West,Retail,Frame & body,8,38.61,308.89,Credit card
20,03/06/2021,North,Retail,Electrical system,9,20.5,184.54,Credit card
21,03/06/2021,North,Retail,Suspension & traction,5,36.18,180.91,Credit card
22,03/06/2021,North,Retail,Electrical system,5,28.33,141.67,Credit card
23,03/06/2021,Central,Retail,Suspension & traction,6,35.52,213.15,Credit card
24,03/06/2021,Central,Retail,Electrical system,1,29.31,29.31,Cash
25,03/06/2021,Central,Retail,Frame & body,1,48.9,48.9,Credit card
26,03/06/2021,West,Retail,Electrical system,2,20.19,40.37,Credit card
27,03/06/2021,Central,Retail,Electrical system,8,27.0,216.0,Credit card
28,04/06/2021,North,Retail,Suspension & traction,10,30.92,309.23,Credit card
29,04/06/2021,Central,Retail,Breaking system,4,19.78,79.14,Credit card
30,04/06/2021,Central,Retail,Frame & body,3,41.07,123.21,Credit card
31,04/06/2021,North,Retail,Electrical system,5,20.16,100.81,Credit card
32,04/06/2021,Central,Retail,Suspension & traction,1,37.03,37.03,Credit card
33,04/06/2021,West,Retail,Electrical system,9,27.78,249.98,Credit card
34,05/06/2021,Central,Retail,Breaking system,3,21.01,63.03,Credit card
35,05/06/2021,West,Retail,Breaking system,6,12.9,77.38,Cash
37,05/06/2021,Central,Retail,Miscellaneous,1,25.2,25.2,Credit card
38,05/06/2021,Central,Retail,Breaking system,1,20.66,20.66,Credit card
39,05/06/2021,North,Retail,Electrical system,7,32.31,226.19,Credit card
41,05/06/2021,North,Retail,Suspension & traction,5,32.15,160.76,Credit card
43,05/06/2021,Central,Retail,Suspension & traction,9,30.9,278.07,Credit card
44,05/06/2021,North,Retail,Suspension & traction,4,35.44,141.77,Credit card
45,05/06/2021,West,Retail,Engine,7,63.15,442.04,Credit card
47,06/06/2021,Central,Retail,Suspension & traction,4,35.36,141.46,Credit card
49,06/06/2021,West,Retail,Miscellaneous,10,28.25,282.47,Credit card
50,06/06/2021,North,Retail,Frame & body,1,35.89,35.89,Credit card
51,06/06/2021,North,Retail,Breaking system,5,15.16,75.78,Credit card
52,06/06/2021,Central,Retail,Breaking system,4,21.95,87.79,Credit card
53,06/06/2021,North,Retail,Breaking system,7,15.43,108.0,Credit card
54,06/06/2021,North,Retail,Frame & body,4,44.1,176.39,Credit card
56,07/06/2021,West,Retail,Miscellaneous,3,17.87,53.61,Cash
57,07/06/2021,North,Retail,Frame & body,9,43.49,391.42,Credit card
58,07/06/2021,Central,Retail,Miscellaneous,4,28.19,112.76,Credit card
59,07/06/2021,Central,Retail,Breaking system,7,16.33,114.3,Credit card
61,07/06/2021,Central,Retail,Breaking system,6,24.6,147.61,Credit card
62,07/06/2021,North,Retail,Suspension & traction,9,28.59,257.31,Credit card
63,07/06/2021,North,Retail,Electrical system,4,29.62,118.48,Credit card
64,08/06/2021,North,Retail,Frame & body,5,39.52,197.62,Cash
65,08/06/2021,West,Retail,Breaking system,1,10.46,10.46,Credit card
66,08/06/2021,Central,Retail,Breaking system,10,19.21,192.05,Cash
68,08/06/2021,Central,Retail,Miscellaneous,8,24.76,198.05,Credit card
70,08/06/2021,West,Retail,Breaking system,9,13.62,122.6,Credit card
71,08/06/2021,West,Retail,Suspension & traction,4,32.56,130.25,Credit card
72,08/06/2021,North,Retail,Electrical system,4,25.04,100.15,Credit card
74,08/06/2021,Central,Retail,Suspension & traction,2,33.18,66.37,Credit card
77,08/06/2021,North,Retail,Electrical system,3,29.93,89.8,Credit card
78,08/06/2021,North,Retail,Frame & body,2,35.46,70.92,Credit card
79,08/06/2021,Central,Retail,Frame & body,3,41.42,124.25,Credit card
83,09/06/2021,West,Retail,Frame & body,10,49.24,492.4,Credit card
84,09/06/2021,Central,Retail,Frame & body,8,35.31,282.47,Credit card
85,09/06/2021,Central,Retail,Breaking system,6,16.55,99.32,Credit card
86,09/06/2021,North,Retail,Breaking system,5,14.76,73.78,Credit card
87,09/06/2021,West,Retail,Electrical system,7,32.73,229.1,Cash
88,09/06/2021,Central,Retail,Suspension & traction,10,27.63,276.33,Credit card
90,10/06/2021,Central,Retail,Electrical system,4,18.96,75.85,Credit card
91,10/06/2021,Central,Retail,Frame & body,8,47.3,378.37,Credit card
92,10/06/2021,North,Retail,Engine,2,56.04,112.09,Credit card
93,10/06/2021,Central,Retail,Electrical system,5,29.13,145.66,Credit card
95,10/06/2021,West,Retail,Frame & body,7,47.19,330.33,Credit card
96,10/06/2021,North,Retail,Suspension & traction,6,38.06,228.38,Cash
97,10/06/2021,Central,Retail,Breaking system,7,21.64,151.5,Credit card
99,11/06/2021,North,Retail,Miscellaneous,9,17.49,157.41,Cash
100,11/06/2021,North,Retail,Breaking system,1,23.28,23.28,Credit card
102,11/06/2021,North,Retail,Breaking system,5,10.63,53.16,Credit card
103,11/06/2021,North,Retail,Suspension & traction,6,41.09,246.52,Credit card
105,11/06/2021,North,Retail,Frame & body,4,47.06,188.22,Credit card
106,11/06/2021,West,Retail,Frame & body,2,47.86,95.72,Credit card
107,12/06/2021,North,Retail,Breaking system,10,13.24,132.37,Credit card
109,12/06/2021,Central,Retail,Electrical system,2,26.2,52.41,Credit card
110,12/06/2021,Central,Retail,Suspension & traction,7,33.51,234.58,Credit card
111,12/06/2021,Central,Retail,Electrical system,1,21.18,21.18,Cash
112,12/06/2021,Central,Retail,Frame & body,6,37.17,223.01,Credit card
113,12/06/2021,North,Retail,Breaking system,9,11.67,105.02,Credit card
114,12/06/2021,North,Retail,Suspension & traction,10,39.78,397.78,Credit card
115,12/06/2021,Central,Retail,Breaking system,10,22.21,222.08,Credit card
116,12/06/2021,Central,Retail,Suspension & traction,10,41.25,412.5,Credit card
117,12/06/2021,Central,Retail,Electrical system,8,31.93,255.41,Credit card
118,13/06/2021,North,Retail,Electrical system,9,23.27,209.43,Credit card
119,13/06/2021,North,Retail,Frame & body,7,40.93,286.51,Credit card
120,13/06/2021,Central,Retail,Frame & body,6,45.43,272.6,Credit card
121,13/06/2021,North,Retail,Suspension & traction,3,38.5,115.5,Credit card
122,13/06/2021,Central,Retail,Electrical system,10,23.61,236.08,Cash
124,13/06/2021,West,Retail,Miscellaneous,4,16.84,67.36,Credit card
125,13/06/2021,Central,Retail,Miscellaneous,2,25.4,50.8,Credit card
126,13/06/2021,Central,Retail,Breaking system,1,20.72,20.72,Credit card
127,13/06/2021,North,Retail,Suspension & traction,6,28.91,173.46,Cash
128,14/06/2021,Central,Retail,Miscellaneous,1,27.47,27.47,Credit card
129,14/06/2021,North,Retail,Breaking system,10,17.67,176.73,Credit card
130,14/06/2021,Central,Retail,Electrical system,7,26.9,188.31,Credit card
131,14/06/2021,Central,Retail,Frame & body,1,39.14,39.14,Credit card
132,14/06/2021,Central,Retail,Miscellaneous,5,29.95,149.74,Credit card
133,14/06/2021,Central,Retail,Miscellaneous,7,25.51,178.57,Credit card
134,14/06/2021,Central,Retail,Electrical system,1,19.62,19.62,Credit card
135,14/06/2021,West,Retail,Miscellaneous,4,18.63,74.51,Credit card
138,14/06/2021,Central,Retail,Breaking system,4,11.35,45.39,Credit card
139,14/06/2021,West,Retail,Suspension & traction,9,32.47,292.26,Credit card
140,14/06/2021,Central,Retail,Engine,7,58.86,412.06,Credit card
142,15/06/2021,Central,Retail,Suspension & traction,10,41.23,412.28,Credit card
143,15/06/2021,North,Retail,Frame & body,7,36.52,255.62,Credit card
144,15/06/2021,Central,Retail,Breaking system,2,20.59,41.17,Credit card
145,15/06/2021,Central,Retail,Electrical system,5,29.28,146.38,Credit card
147,15/06/2021,North,Retail,Electrical system,9,26.81,241.32,Credit card
149,15/06/2021,Central,Retail,Engine,10,61.08,610.78,Credit card
150,15/06/2021,North,Retail,Suspension & traction,6,26.9,161.43,Credit card
151,15/06/2021,West,Retail,Miscellaneous,5,16.24,81.2,Credit card
152,15/06/2021,North,Retail,Breaking system,2,22.3,44.59,Credit card
153,15/06/2021,West,Retail,Suspension & traction,10,34.31,343.12,Credit card
155,16/06/2021,Central,Retail,Suspension & traction,10,40.93,409.3,Credit card
156,16/06/2021,Central,Retail,Miscellaneous,9,28.88,259.89,Credit card
157,16/06/2021,North,Retail,Frame & body,2,48.86,97.73,Credit card
158,16/06/2021,Central,Retail,Frame & body,7,48.46,339.2,Credit card
159,16/06/2021,Central,Retail,Frame & body,2,35.92,71.83,Credit card
160,16/06/2021,Central,Retail,Breaking system,4,14.87,59.47,Credit card
161,16/06/2021,Central,Retail,Frame & body,7,36.19,253.33,Cash
162,16/06/2021,Central,Retail,Miscellaneous,9,22.1,198.9,Credit card
164,17/06/2021,Central,Retail,Suspension & traction,7,40.76,285.36,Credit card
165,17/06/2021,Central,Retail,Frame & body,2,40.1,80.21,Credit card
166,17/06/2021,North,Retail,Miscellaneous,10,26.87,268.68,Cash
170,17/06/2021,North,Retail,Frame & body,3,37.62,112.85,Credit card
171,17/06/2021,North,Retail,Frame & body,7,43.15,302.06,Cash
172,17/06/2021,North,Retail,Suspension & traction,6,28.59,171.52,Credit card
177,18/06/2021,West,Retail,Electrical system,1,23.24,23.24,Credit card
180,18/06/2021,North,Retail,Suspension & traction,5,29.38,146.93,Credit card
181,18/06/2021,North,Retail,Suspension & traction,9,28.23,254.04,Credit card
182,18/06/2021,Central,Retail,Miscellaneous,8,16.63,133.05,Credit card
183,18/06/2021,Central,Retail,Breaking system,7,18.46,129.2,Credit card
185,19/06/2021,North,Retail,Breaking system,6,24.85,149.1,Credit card
186,19/06/2021,North,Retail,Suspension & traction,10,32.61,326.13,Credit card
187,19/06/2021,North,Retail,Miscellaneous,8,18.98,151.84,Credit card
188,19/06/2021,North,Retail,Frame & body,10,44.03,440.32,Cash
189,19/06/2021,Central,Retail,Suspension & traction,6,33.82,202.89,Credit card
190,19/06/2021,North,Retail,Suspension & traction,9,34.68,312.1,Credit card
191,19/06/2021,Central,Retail,Frame & body,3,43.84,131.53,Credit card
192,19/06/2021,Central,Retail,Electrical system,8,18.68,149.47,Credit card
193,19/06/2021,North,Retail,Miscellaneous,6,21.88,131.28,Credit card
194,19/06/2021,West,Retail,Frame & body,1,46.82,46.82,Credit card
195,19/06/2021,West,Retail,Suspension & traction,4,34.35,137.42,Credit card
196,19/06/2021,West,Retail,Miscellaneous,8,20.53,164.24,Credit card
198,19/06/2021,West,Retail,Breaking system,4,18.26,73.06,Credit card
200,20/06/2021,West,Retail,Electrical system,7,27.35,191.43,Credit card
201,20/06/2021,Central,Retail,Suspension & traction,3,31.25,93.74,Credit card
203,20/06/2021,West,Retail,Breaking system,8,10.94,87.49,Credit card
205,20/06/2021,North,Retail,Suspension & traction,10,37.06,370.58,Credit card
208,20/06/2021,Central,Retail,Suspension & traction,2,33.91,67.81,Credit card
209,20/06/2021,North,Retail,Frame & body,2,48.86,97.71,Cash
210,21/06/2021,North,Retail,Miscellaneous,3,22.45,67.34,Credit card
211,21/06/2021,North,Retail,Electrical system,7,25.53,178.7,Cash
212,21/06/2021,West,Retail,Engine,6,66.53,399.19,Cash
213,21/06/2021,North,Retail,Suspension & traction,6,37.99,227.95,Credit card
215,21/06/2021,Central,Retail,Frame & body,1,49.69,49.69,Credit card
217,21/06/2021,North,Retail,Suspension & traction,6,37.2,223.22,Credit card
218,22/06/2021,North,Retail,Suspension & traction,3,30.11,90.34,Credit card
219,22/06/2021,North,Retail,Suspension & traction,9,37.44,337.0,Credit card
220,22/06/2021,Central,Retail,Suspension & traction,5,31.56,157.82,Credit card
221,22/06/2021,Central,Retail,Engine,6,59.3,355.81,Cash
223,22/06/2021,Central,Retail,Engine,5,53.4,266.98,Credit card
224,22/06/2021,Central,Retail,Breaking system,5,13.14,65.72,Credit card
225,23/06/2021,North,Retail,Miscellaneous,9,21.27,191.44,Credit card
226,23/06/2021,West,Retail,Electrical system,7,33.33,233.29,Credit card
227,23/06/2021,Central,Retail,Electrical system,5,18.5,92.49,Credit card
228,23/06/2021,North,Retail,Suspension & traction,6,36.01,216.06,Credit card
229,23/06/2021,North,Retail,Engine,5,65.99,329.96,Cash
230,23/06/2021,North,Retail,Breaking system,1,13.44,13.44,Credit card
231,23/06/2021,West,Retail,Electrical system,3,30.68,92.02,Credit card
232,23/06/2021,North,Retail,Miscellaneous,6,29.76,178.53,Credit card
234,23/06/2021,West,Retail,Frame & body,10,48.3,483.0,Cash
235,23/06/2021,West,Retail,Breaking system,8,11.54,92.33,Credit card
237,23/06/2021,North,Retail,Engine,4,59.69,238.77,Credit card
238,23/06/2021,Central,Retail,Suspension & traction,6,38.96,233.77,Cash
239,23/06/2021,North,Retail,Breaking system,5,11.32,56.62,Cash
240,23/06/2021,Central,Retail,Electrical system,1,30.51,30.51,Credit card
241,23/06/2021,Central,Retail,Breaking system,7,15.91,111.35,Credit card
242,24/06/2021,North,Retail,Breaking system,8,22.78,182.24,Credit card
243,24/06/2021,Central,Retail,Frame & body,6,37.18,223.08,Credit card
244,24/06/2021,West,Retail,Suspension & traction,3,39.29,117.86,Cash
245,24/06/2021,Central,Retail,Electrical system,10,23.38,233.83,Credit card
246,24/06/2021,North,Retail,Frame & body,10,46.46,464.62,Credit card
247,24/06/2021,Central,Retail,Electrical system,7,29.31,205.19,Credit card
248,24/06/2021,Central,Retail,Suspension & traction,5,37.21,186.07,Credit card
249,24/06/2021,Central,Retail,Frame & body,10,46.1,461.0,Credit card
250,24/06/2021,West,Retail,Suspension & traction,1,35.15,35.15,Cash
251,24/06/2021,Central,Retail,Breaking system,3,23.87,71.61,Credit card
253,24/06/2021,North,Retail,Electrical system,8,18.43,147.41,Credit card
254,24/06/2021,North,Retail,Electrical system,5,29.58,147.92,Credit card
255,25/06/2021,Central,Retail,Breaking system,2,18.49,36.99,Credit card
256,25/06/2021,Central,Retail,Miscellaneous,7,21.42,149.93,Cash
257,25/06/2021,Central,Retail,Electrical system,4,25.19,100.75,Credit card
259,25/06/2021,North,Retail,Suspension & traction,4,35.0,140.01,Cash
260,25/06/2021,Central,Retail,Frame & body,2,36.98,73.96,Credit card
261,25/06/2021,Central,Retail,Engine,1,66.02,66.02,Credit card
262,25/06/2021,West,Retail,Breaking system,1,10.9,10.9,Credit card
263,25/06/2021,Central,Retail,Miscellaneous,5,28.06,140.3,Credit card
264,25/06/2021,North,Retail,Breaking system,1,20.68,20.68,Cash
265,25/06/2021,Central,Retail,Breaking system,7,14.94,104.56,Cash
266,25/06/2021,West,Retail,Breaking system,3,22.48,67.44,Credit card
267,25/06/2021,Central,Retail,Electrical system,10,31.75,317.5,Credit card
268,25/06/2021,West,Retail,Frame & body,9,45.03,405.28,Cash
269,25/06/2021,West,Retail,Engine,8,55.72,445.75,Credit card
270,25/06/2021,North,Retail,Suspension & traction,9,29.37,264.34,Credit card
272,26/06/2021,West,Retail,Breaking system,1,19.16,19.16,Credit card
273,26/06/2021,North,Retail,Breaking system,1,11.89,11.89,Credit card
274,26/06/2021,North,Retail,Breaking system,1,10.35,10.35,Credit card
276,26/06/2021,Central,Retail,Frame & body,5,41.92,209.62,Credit card
277,26/06/2021,Central,Retail,Breaking system,2,13.89,27.78,Credit card
278,26/06/2021,Central,Retail,Breaking system,3,24.45,73.34,Credit card
279,26/06/2021,North,Retail,Electrical system,7,25.28,176.97,Cash
281,26/06/2021,Central,Retail,Suspension & traction,4,29.26,117.03,Credit card
282,26/06/2021,West,Retail,Breaking system,5,14.48,72.38,Credit card
283,26/06/2021,Central,Retail,Electrical system,7,31.18,218.26,Credit card
284,26/06/2021,Central,Retail,Breaking system,2,21.9,43.79,Credit card
286,26/06/2021,Central,Retail,Breaking system,10,14.66,146.58,Credit card
287,26/06/2021,West,Retail,Frame & body,10,40.81,408.1,Cash
288,26/06/2021,Central,Retail,Electrical system,3,22.3,66.9,Credit card
290,27/06/2021,North,Retail,Engine,8,59.7,477.63,Credit card
292,27/06/2021,Central,Retail,Engine,4,66.03,264.11,Credit card
293,27/06/2021,West,Retail,Miscellaneous,6,28.37,170.24,Credit card
294,27/06/2021,North,Retail,Electrical system,1,28.88,28.88,Credit card
295,27/06/2021,North,Retail,Frame & body,5,38.71,193.54,Cash
296,27/06/2021,Central,Retail,Suspension & traction,10,33.17,331.68,Credit card
297,27/06/2021,North,Retail,Breaking system,7,17.38,121.66,Credit card
298,27/06/2021,North,Retail,Miscellaneous,6,26.95,161.71,Credit card
299,27/06/2021,West,Retail,Suspension & traction,7,29.04,203.28,Credit card
300,27/06/2021,Central,Retail,Frame & body,10,35.73,357.27,Credit card
301,27/06/2021,North,Retail,Suspension & traction,2,27.0,54.01,Credit card
302,27/06/2021,West,Retail,Suspension & traction,2,36.57,73.13,Credit card
303,28/06/2021,North,Retail,Miscellaneous,7,15.26,106.79,Credit card
304,28/06/2021,West,Retail,Electrical system,6,19.79,118.77,Credit card
305,28/06/2021,Central,Retail,Breaking system,5,12.3,61.52,Cash
306,28/06/2021,Central,Retail,Frame & body,9,46.34,417.1,Credit card
307,28/06/2021,West,Retail,Frame & body,8,46.83,374.63,Credit card
308,28/06/2021,Central,Retail,Engine,8,62.56,500.49,Credit card
309,28/06/2021,Central,Retail,Engine,1,53.19,53.19,Credit card
310,28/06/2021,Central,Retail,Electrical system,8,33.19,265.55,Credit card
312,28/06/2021,Central,Retail,Suspension & traction,4,36.64,146.54,Cash
313,28/06/2021,North,Retail,Suspension & traction,8,29.03,232.24,Credit card
315,28/06/2021,Central,Retail,Electrical system,5,19.57,97.84,Credit card
317,29/06/2021,North,Retail,Frame & body,4,37.0,148.01,Credit card
319,29/06/2021,Central,Retail,Engine,1,56.72,56.72,Credit card
320,29/06/2021,West,Retail,Breaking system,6,15.35,92.08,Credit card
321,29/06/2021,West,Retail,Electrical system,10,26.46,264.6,Credit card
322,29/06/2021,Central,Retail,Frame & body,10,37.78,377.78,Credit card
323,29/06/2021,North,Retail,Breaking system,9,22.21,199.86,Credit card
324,29/06/2021,Central,Retail,Miscellaneous,6,27.34,164.05,Credit card
325,29/06/2021,West,Retail,Frame & body,6,36.52,219.15,Credit card
328,29/06/2021,North,Retail,Electrical system,1,23.1,23.1,Credit card
329,30/06/2021,Central,Retail,Suspension & traction,8,32.07,256.56,Credit card
330,30/06/2021,West,Retail,Frame & body,1,37.06,37.06,Credit card
331,30/06/2021,Central,Retail,Electrical system,4,20.61,82.43,Credit card
334,30/06/2021,Central,Retail,Suspension & traction,1,28.83,28.83,Credit card
335,30/06/2021,West,Retail,Miscellaneous,5,29.5,147.52,Credit card
337,30/06/2021,West,Retail,Frame & body,2,46.07,92.13,Cash
338,01/07/2021,Central,Retail,Breaking system,10,18.7,186.97,Credit card
340,01/07/2021,Central,Retail,Suspension & traction,6,32.56,195.35,Credit card
342,01/07/2021,West,Retail,Frame & body,9,37.29,335.62,Credit card
343,01/07/2021,Central,Retail,Breaking system,2,19.85,39.69,Cash
344,01/07/2021,North,Retail,Suspension & traction,1,36.06,36.06,Credit card
345,01/07/2021,Central,Retail,Electrical system,10,28.69,286.88,Credit card
346,01/07/2021,Central,Retail,Electrical system,4,23.83,95.33,Credit card
347,01/07/2021,Central,Retail,Frame & body,1,45.97,45.97,Credit card
349,01/07/2021,Central,Retail,Frame & body,6,46.66,279.93,Credit card
350,01/07/2021,North,Retail,Breaking system,8,16.89,135.12,Cash
352,02/07/2021,Central,Retail,Suspension & traction,9,28.84,259.6,Credit card
354,02/07/2021,West,Retail,Breaking system,6,22.91,137.48,Credit card
356,02/07/2021,North,Retail,Miscellaneous,5,15.7,78.53,Credit card
358,03/07/2021,West,Retail,Miscellaneous,8,24.33,194.63,Credit card
359,03/07/2021,Central,Retail,Breaking system,7,12.59,88.15,Credit card
361,03/07/2021,West,Retail,Electrical system,6,22.58,135.49,Credit card
362,03/07/2021,West,Retail,Miscellaneous,1,19.74,19.74,Credit card
363,03/07/2021,Central,Retail,Electrical system,7,21.04,147.3,Cash
366,03/07/2021,North,Retail,Miscellaneous,10,15.16,151.6,Cash
368,03/07/2021,West,Retail,Breaking system,4,24.24,96.95,Cash
369,03/07/2021,North,Retail,Engine,1,53.06,53.06,Credit card
371,03/07/2021,Central,Retail,Suspension & traction,8,40.65,325.16,Credit card
372,04/07/2021,Central,Retail,Breaking system,1,17.3,17.3,Credit card
373,04/07/2021,North,Retail,Breaking system,10,19.58,195.75,Cash
375,04/07/2021,North,Retail,Miscellaneous,5,17.88,89.4,Credit card
377,04/07/2021,Central,Retail,Frame & body,3,40.49,121.48,Credit card
378,04/07/2021,North,Retail,Suspension & traction,10,37.13,371.3,Credit card
379,04/07/2021,Central,Retail,Frame & body,9,42.51,382.6,Credit card
380,04/07/2021,West,Retail,Frame & body,10,41.56,415.55,Credit card
381,04/07/2021,Central,Retail,Miscellaneous,5,21.19,105.97,Credit card
382,04/07/2021,West,Retail,Frame & body,4,45.66,182.63,Cash
383,04/07/2021,Central,Retail,Miscellaneous,5,20.09,100.43,Credit card
384,04/07/2021,North,Retail,Suspension & traction,7,40.81,285.69,Credit card
385,04/07/2021,North,Retail,Breaking system,5,21.17,105.85,Credit card
386,05/07/2021,Central,Retail,Miscellaneous,1,24.63,24.63,Cash
388,05/07/2021,Central,Retail,Suspension & traction,9,37.95,341.52,Credit card
389,05/07/2021,North,Retail,Breaking system,4,16.44,65.75,Credit card
390,05/07/2021,Central,Retail,Breaking system,4,12.22,48.89,Credit card
391,05/07/2021,North,Retail,Electrical system,7,29.1,203.68,Credit card
392,05/07/2021,North,Retail,Frame & body,5,40.51,202.55,Credit card
393,05/07/2021,West,Retail,Electrical system,9,18.97,170.77,Credit card
394,05/07/2021,Central,Retail,Breaking system,2,20.34,40.68,Credit card
397,06/07/2021,West,Retail,Electrical system,10,28.1,281.0,Credit card
399,06/07/2021,Central,Retail,Breaking system,2,19.89,39.78,Cash
400,06/07/2021,North,Retail,Breaking system,1,13.44,13.44,Credit card
401,06/07/2021,North,Retail,Miscellaneous,1,27.98,27.98,Credit card
402,06/07/2021,West,Retail,Engine,3,66.37,199.1,Credit card
403,06/07/2021,North,Retail,Frame & body,3,45.87,137.6,Cash
404,06/07/2021,Central,Retail,Frame & body,2,36.08,72.16,Credit card
405,06/07/2021,North,Retail,Suspension & traction,6,29.32,175.91,Credit card
406,06/07/2021,Central,Retail,Miscellaneous,6,21.21,127.27,Credit card
408,06/07/2021,Central,Retail,Engine,9,59.71,537.36,Credit card
410,07/07/2021,Central,Retail,Electrical system,8,21.42,171.33,Credit card
412,07/07/2021,West,Retail,Miscellaneous,1,22.07,22.07,Credit card
413,07/07/2021,Central,Retail,Miscellaneous,9,16.67,150.01,Credit card
414,07/07/2021,Central,Retail,Breaking system,4,24.5,97.99,Credit card
415,07/07/2021,North,Retail,Engine,5,55.95,279.73,Credit card
418,07/07/2021,Central,Retail,Electrical system,10,20.49,204.92,Cash
419,07/07/2021,Central,Retail,Suspension & traction,5,30.97,154.84,Credit card
420,07/07/2021,Central,Retail,Breaking system,4,24.9,99.61,Credit card
421,07/07/2021,West,Retail,Electrical system,1,31.62,31.62,Credit card
422,08/07/2021,North,Retail,Frame & body,1,40.93,40.93,Credit card
423,08/07/2021,Central,Retail,Electrical system,6,24.34,146.02,Credit card
424,08/07/2021,Central,Retail,Breaking system,6,15.58,93.46,Credit card
425,08/07/2021,Central,Retail,Miscellaneous,6,16.08,96.48,Credit card
426,08/07/2021,Central,Retail,Electrical system,8,26.32,210.55,Credit card
427,08/07/2021,Central,Retail,Breaking system,5,18.95,94.76,Credit card
428,08/07/2021,North,Retail,Suspension & traction,8,40.52,324.16,Cash
429,08/07/2021,Central,Retail,Engine,10,59.82,598.25,Cash
430,08/07/2021,North,Retail,Engine,8,64.93,519.47,Credit card
432,08/07/2021,Central,Retail,Frame & body,1,35.03,35.03,Credit card
433,08/07/2021,Central,Retail,Breaking system,2,22.69,45.38,Credit card
434,08/07/2021,West,Retail,Electrical system,8,23.48,187.81,Credit card
435,08/07/2021,Central,Retail,Miscellaneous,10,22.39,223.93,Cash
436,08/07/2021,Central,Retail,Suspension & traction,7,27.78,194.45,Credit card
437,08/07/2021,Central,Retail,Suspension & traction,9,28.67,258.03,Credit card
438,08/07/2021,Central,Retail,Breaking system,8,18.4,147.21,Credit card
439,08/07/2021,North,Retail,Miscellaneous,10,20.53,205.32,Credit card
440,08/07/2021,North,Retail,Suspension & traction,1,29.83,29.83,Credit card
441,08/07/2021,Central,Retail,Electrical system,10,29.9,298.98,Credit card
442,09/07/2021,North,Retail,Breaking system,1,11.62,11.62,Cash
443,09/07/2021,West,Retail,Frame & body,5,44.16,220.81,Credit card
444,09/07/2021,Central,Retail,Suspension & traction,6,27.73,166.37,Credit card
445,09/07/2021,Central,Retail,Suspension & traction,4,30.29,121.17,Cash
446,09/07/2021,Central,Retail,Electrical system,7,22.86,160.01,Credit card
447,09/07/2021,Central,Retail,Frame & body,9,48.38,435.42,Credit card
448,09/07/2021,North,Retail,Frame & body,7,47.72,334.03,Credit card
449,09/07/2021,Central,Retail,Breaking system,1,13.92,13.92,Cash
450,09/07/2021,North,Retail,Breaking system,10,24.83,248.3,Credit card
451,09/07/2021,Central,Retail,Suspension & traction,4,32.74,130.98,Cash
453,09/07/2021,Central,Retail,Frame & body,6,44.85,269.12,Credit card
454,10/07/2021,North,Retail,Breaking system,1,13.64,13.64,Credit card
455,10/07/2021,West,Retail,Engine,10,64.1,641.02,Credit card
456,10/07/2021,Central,Retail,Breaking system,3,17.88,53.64,Credit card
457,10/07/2021,Central,Retail,Breaking system,1,11.93,11.93,Credit card
458,10/07/2021,West,Retail,Suspension & traction,6,27.08,162.45,Credit card
459,10/07/2021,Central,Retail,Miscellaneous,3,16.85,50.54,Credit card
460,10/07/2021,Central,Retail,Suspension & traction,6,27.66,165.95,Credit card
463,10/07/2021,West,Retail,Breaking system,7,19.04,133.3,Credit card
466,10/07/2021,Central,Retail,Suspension & traction,4,32.66,130.65,Credit card
467,11/07/2021,Central,Retail,Electrical system,6,19.82,118.93,Credit card
468,11/07/2021,North,Retail,Breaking system,7,17.28,120.93,Cash
469,11/07/2021,North,Retail,Miscellaneous,5,20.76,103.82,Credit card
471,11/07/2021,West,Retail,Electrical system,2,22.24,44.49,Credit card
472,11/07/2021,North,Retail,Suspension & traction,1,37.34,37.34,Credit card
474,11/07/2021,Central,Retail,Frame & body,4,39.14,156.56,Cash
476,11/07/2021,Central,Retail,Electrical system,10,29.69,296.88,Credit card
478,12/07/2021,Central,Retail,Engine,9,64.02,576.14,Credit card
480,12/07/2021,West,Retail,Breaking system,10,18.69,186.87,Cash
481,12/07/2021,North,Retail,Suspension & traction,3,38.35,115.04,Credit card
482,12/07/2021,West,Retail,Breaking system,10,23.2,232.0,Credit card
483,12/07/2021,Central,Retail,Suspension & traction,3,37.84,113.52,Cash
484,12/07/2021,North,Retail,Frame & body,4,49.13,196.51,Credit card
486,13/07/2021,North,Retail,Electrical system,5,24.49,122.46,Credit card
487,13/07/2021,Central,Retail,Breaking system,8,24.14,193.16,Credit card
488,13/07/2021,North,Retail,Electrical system,6,20.9,125.43,Credit card
489,13/07/2021,North,Retail,Frame & body,2,45.27,90.54,Credit card
490,13/07/2021,Central,Retail,Electrical system,1,23.25,23.25,Credit card
491,13/07/2021,Central,Retail,Miscellaneous,10,27.85,278.5,Credit card
494,14/07/2021,Central,Retail,Frame & body,4,36.7,146.79,Credit card
495,14/07/2021,Central,Retail,Breaking system,7,12.08,84.6,Credit card
496,14/07/2021,North,Retail,Suspension & traction,4,30.38,121.5,Credit card
498,14/07/2021,North,Retail,Electrical system,1,29.47,29.47,Cash
500,14/07/2021,Central,Retail,Frame & body,6,35.62,213.69,Credit card
501,14/07/2021,Central,Retail,Breaking system,5,13.26,66.3,Credit card
503,15/07/2021,North,Retail,Frame & body,3,40.78,122.32,Credit card
506,15/07/2021,North,Retail,Suspension & traction,8,41.59,332.75,Credit card
507,15/07/2021,Central,Retail,Electrical system,4,29.29,117.16,Credit card
508,15/07/2021,West,Retail,Engine,2,59.72,119.44,Credit card
509,15/07/2021,North,Retail,Electrical system,1,31.88,31.88,Credit card
510,16/07/2021,West,Retail,Electrical system,8,22.27,178.19,Credit card
512,16/07/2021,West,Retail,Suspension & traction,1,41.47,41.47,Credit card
513,16/07/2021,Central,Retail,Miscellaneous,9,26.23,236.1,Credit card
514,16/07/2021,West,Retail,Electrical system,10,22.13,221.33,Credit card
515,16/07/2021,North,Retail,Miscellaneous,3,24.52,73.55,Credit card
517,16/07/2021,North,Retail,Suspension & traction,8,36.66,293.28,Credit card
518,16/07/2021,Central,Retail,Suspension & traction,9,39.71,357.38,Credit card
519,16/07/2021,North,Retail,Breaking system,3,16.99,50.97,Credit card
520,16/07/2021,North,Retail,Breaking system,3,17.03,51.1,Credit card
522,16/07/2021,Central,Retail,Engine,6,59.6,357.59,Credit card
524,16/07/2021,Central,Retail,Breaking system,7,20.47,143.31,Credit card
526,16/07/2021,Central,Retail,Suspension & traction,5,27.96,139.81,Credit card
527,16/07/2021,West,Retail,Frame & body,3,37.46,112.37,Credit card
528,16/07/2021,North,Retail,Electrical system,6,19.21,115.26,Credit card
529,17/07/2021,North,Retail,Miscellaneous,7,17.47,122.29,Credit card
530,17/07/2021,Central,Retail,Suspension & traction,5,27.01,135.04,Credit card
531,17/07/2021,Central,Retail,Breaking system,4,18.36,73.45,Credit card
532,17/07/2021,Central,Retail,Frame & body,10,41.98,419.85,Credit card
533,17/07/2021,Central,Retail,Breaking system,1,23.56,23.56,Credit card
534,17/07/2021,West,Retail,Breaking system,7,24.63,172.42,Credit card
535,17/07/2021,Central,Retail,Breaking system,9,14.42,129.76,Credit card
536,17/07/2021,West,Retail,Electrical system,6,24.62,147.71,Cash
538,18/07/2021,North,Retail,Suspension & traction,8,39.8,318.39,Credit card
539,18/07/2021,North,Retail,Breaking system,3,15.9,47.69,Credit card
540,18/07/2021,North,Retail,Electrical system,5,22.43,112.13,Credit card
541,18/07/2021,Central,Retail,Suspension & traction,5,26.97,134.84,Credit card
542,18/07/2021,North,Retail,Frame & body,9,49.68,447.14,Credit card
544,18/07/2021,North,Retail,Electrical system,3,32.02,96.04,Credit card
545,18/07/2021,Central,Retail,Electrical system,6,31.24,187.45,Credit card
546,18/07/2021,West,Retail,Frame & body,7,44.66,312.65,Cash
547,18/07/2021,Central,Retail,Frame & body,9,41.11,369.99,Credit card
548,18/07/2021,Central,Retail,Electrical system,8,22.62,180.99,Credit card
549,18/07/2021,North,Retail,Breaking system,3,13.82,41.45,Cash
550,19/07/2021,West,Retail,Breaking system,3,23.37,70.11,Cash
553,19/07/2021,Central,Retail,Electrical system,2,19.13,38.25,Credit card
557,20/07/2021,North,Retail,Breaking system,2,24.75,49.49,Credit card
559,20/07/2021,Central,Retail,Frame & body,7,44.01,308.09,Credit card
560,20/07/2021,Central,Retail,Suspension & traction,8,36.98,295.85,Cash
561,20/07/2021,Central,Retail,Suspension & traction,9,37.94,341.44,Credit card
562,20/07/2021,Central,Retail,Breaking system,4,15.21,60.83,Credit card
564,20/07/2021,West,Retail,Engine,8,53.63,429.07,Credit card
565,20/07/2021,North,Retail,Engine,5,58.46,292.33,Credit card
566,21/07/2021,Central,Retail,Engine,5,61.11,305.57,Credit card
567,21/07/2021,Central,Retail,Miscellaneous,4,23.38,93.53,Cash
569,21/07/2021,North,Retail,Miscellaneous,5,28.72,143.58,Credit card
570,21/07/2021,North,Retail,Suspension & traction,2,31.28,62.56,Credit card
572,21/07/2021,Central,Retail,Miscellaneous,3,22.96,68.87,Credit card
573,21/07/2021,North,Retail,Engine,10,55.39,553.87,Credit card
574,21/07/2021,Central,Retail,Miscellaneous,10,19.98,199.83,Credit card
576,22/07/2021,West,Retail,Breaking system,1,10.42,10.42,Credit card
577,22/07/2021,West,Retail,Engine,5,63.94,319.72,Credit card
578,22/07/2021,West,Retail,Frame & body,2,49.8,99.6,Credit card
579,22/07/2021,Central,Retail,Breaking system,4,20.64,82.55,Credit card
580,22/07/2021,North,Retail,Electrical system,3,32.44,97.32,Credit card
581,22/07/2021,Central,Retail,Engine,3,56.65,169.96,Credit card
582,23/07/2021,West,Retail,Frame & body,7,49.25,344.74,Credit card
583,23/07/2021,Central,Retail,Breaking system,5,14.96,74.79,Credit card
584,23/07/2021,Central,Retail,Suspension & traction,3,36.49,109.48,Credit card
585,23/07/2021,Central,Retail,Breaking system,9,17.39,156.46,Credit card
586,23/07/2021,Central,Retail,Breaking system,1,16.24,16.24,Cash
587,23/07/2021,North,Retail,Suspension & traction,10,27.9,279.03,Credit card
588,23/07/2021,Central,Retail,Miscellaneous,1,18.4,18.4,Credit card
589,23/07/2021,Central,Retail,Breaking system,10,11.25,112.48,Credit card
590,23/07/2021,North,Retail,Suspension & traction,1,35.97,35.97,Credit card
593,24/07/2021,Central,Retail,Electrical system,8,19.16,153.28,Credit card
594,24/07/2021,West,Retail,Miscellaneous,4,26.73,106.91,Cash
595,24/07/2021,Central,Retail,Electrical system,4,19.66,78.65,Credit card
596,24/07/2021,West,Retail,Miscellaneous,1,19.32,19.32,Credit card
597,24/07/2021,Central,Retail,Miscellaneous,3,29.8,89.4,Cash
598,24/07/2021,Central,Retail,Electrical system,9,29.26,263.38,Credit card
599,24/07/2021,North,Retail,Miscellaneous,4,25.58,102.31,Credit card
600,24/07/2021,West,Retail,Frame & body,7,43.06,301.46,Credit card
601,25/07/2021,Central,Retail,Frame & body,6,42.99,257.95,Credit card
602,25/07/2021,North,Retail,Suspension & traction,10,31.71,317.1,Credit card
603,25/07/2021,West,Retail,Electrical system,5,18.36,91.8,Cash
604,25/07/2021,Central,Retail,Breaking system,2,22.3,44.59,Credit card
605,25/07/2021,Central,Retail,Electrical system,10,20.79,207.9,Credit card
607,25/07/2021,Central,Retail,Miscellaneous,8,17.74,141.91,Cash
608,25/07/2021,Central,Retail,Suspension & traction,10,37.26,372.6,Credit card
609,25/07/2021,Central,Retail,Suspension & traction,6,34.29,205.73,Credit card
610,26/07/2021,West,Retail,Electrical system,5,31.01,155.03,Credit card
611,26/07/2021,Central,Retail,Breaking system,5,24.02,120.11,Credit card
612,26/07/2021,North,Retail,Miscellaneous,3,29.93,89.8,Credit card
613,26/07/2021,Central,Retail,Miscellaneous,4,23.81,95.23,Credit card
614,26/07/2021,Central,Retail,Suspension & traction,1,31.62,31.62,Credit card
615,26/07/2021,North,Retail,Electrical system,6,28.14,168.84,Credit card
616,26/07/2021,North,Retail,Frame & body,5,48.57,242.84,Credit card
617,26/07/2021,North,Retail,Frame & body,1,43.95,43.95,Credit card
618,26/07/2021,North,Retail,Breaking system,4,20.51,82.03,Credit card
619,26/07/2021,Central,Retail,Suspension & traction,5,38.67,193.37,Credit card
620,26/07/2021,North,Retail,Electrical system,3,27.53,82.59,Credit card
621,26/07/2021,Central,Retail,Suspension & traction,10,33.8,337.98,Credit card
622,26/07/2021,Central,Retail,Frame & body,1,48.08,48.08,Cash
624,26/07/2021,Central,Retail,Miscellaneous,1,21.44,21.44,Cash
625,26/07/2021,Central,Retail,Electrical system,4,27.1,108.38,Credit card
626,27/07/2021,Central,Retail,Frame & body,1,42.41,42.41,Credit card
627,27/07/2021,Central,Retail,Engine,6,66.62,399.71,Credit card
628,27/07/2021,North,Retail,Electrical system,2,24.44,48.87,Cash
630,27/07/2021,Central,Retail,Breaking system,2,24.98,49.96,Credit card
631,27/07/2021,West,Retail,Breaking system,9,12.16,109.4,Credit card
632,27/07/2021,North,Retail,Breaking system,1,17.58,17.58,Credit card
633,27/07/2021,Central,Retail,Frame & body,4,49.26,197.03,Credit card
635,28/07/2021,Central,Retail,Frame & body,5,44.54,222.72,Credit card
637,28/07/2021,Central,Retail,Engine,10,52.25,522.5,Credit card
638,28/07/2021,West,Retail,Suspension & traction,1,41.62,41.62,Credit card
639,28/07/2021,North,Retail,Breaking system,9,21.32,191.9,Credit card
640,28/07/2021,West,Retail,Miscellaneous,8,29.08,232.63,Cash
641,28/07/2021,Central,Retail,Electrical system,6,29.5,176.99,Credit card
642,28/07/2021,Central,Retail,Breaking system,10,11.63,116.28,Credit card
643,28/07/2021,Central,Retail,Breaking system,3,17.07,51.21,Credit card
644,28/07/2021,North,Retail,Miscellaneous,10,25.74,257.4,Credit card
647,28/07/2021,North,Retail,Breaking system,10,11.48,114.75,Credit card
648,28/07/2021,West,Retail,Engine,7,64.31,450.18,Credit card
649,29/07/2021,Central,Retail,Breaking system,10,15.18,151.82,Credit card
650,29/07/2021,Central,Retail,Suspension & traction,8,39.33,314.64,Credit card
652,29/07/2021,North,Retail,Electrical system,3,26.0,78.0,Credit card
654,29/07/2021,Central,Retail,Electrical system,1,26.72,26.72,Cash
655,30/07/2021,North,Retail,Suspension & traction,2,30.79,61.58,Credit card
656,30/07/2021,Central,Retail,Electrical system,3,19.14,57.41,Credit card
657,30/07/2021,North,Retail,Electrical system,10,24.25,242.47,Credit card
658,30/07/2021,Central,Retail,Electrical system,2,28.25,56.5,Credit card
659,30/07/2021,Central,Retail,Suspension & traction,3,29.58,88.75,Credit card
661,30/07/2021,Central,Retail,Miscellaneous,1,22.29,22.29,Cash
662,30/07/2021,North,Retail,Breaking system,4,12.05,48.21,Credit card
663,30/07/2021,Central,Retail,Breaking system,9,21.42,192.82,Credit card
665,31/07/2021,Central,Retail,Suspension & traction,5,27.2,136.02,Cash
666,31/07/2021,North,Retail,Frame & body,2,39.91,79.82,Credit card
667,31/07/2021,West,Retail,Frame & body,7,45.66,319.64,Credit card
668,31/07/2021,Central,Retail,Suspension & traction,10,41.23,412.3,Credit card
670,31/07/2021,West,Retail,Frame & body,2,35.73,71.46,Credit card
671,31/07/2021,Central,Retail,Suspension & traction,9,39.73,357.58,Credit card
672,31/07/2021,Central,Retail,Engine,3,62.23,186.7,Credit card
673,31/07/2021,Central,Retail,Frame & body,10,42.42,424.25,Cash
674,31/07/2021,North,Retail,Miscellaneous,4,24.42,97.68,Credit card
675,31/07/2021,Central,Retail,Frame & body,2,37.55,75.1,Credit card
676,31/07/2021,Central,Retail,Suspension & traction,9,41.62,374.6,Credit card
677,31/07/2021,Central,Retail,Suspension & traction,2,31.38,62.76,Credit card
679,31/07/2021,West,Retail,Breaking system,3,12.84,38.51,Credit card
682,31/07/2021,Central,Retail,Electrical system,7,30.93,216.53,Credit card
684,01/08/2021,West,Retail,Electrical system,5,25.32,126.6,Credit card
685,01/08/2021,North,Retail,Electrical system,7,21.49,150.44,Credit card
686,01/08/2021,North,Retail,Breaking system,1,16.07,16.07,Credit card
687,01/08/2021,West,Retail,Suspension & traction,8,28.48,227.8,Credit card
689,01/08/2021,North,Retail,Engine,1,54.17,54.17,Credit card
690,01/08/2021,Central,Retail,Suspension & traction,8,30.02,240.16,Cash
692,01/08/2021,West,Retail,Suspension & traction,8,32.34,258.68,Cash
693,01/08/2021,North,Retail,Suspension & traction,7,32.72,229.05,Credit card
694,01/08/2021,Central,Retail,Suspension & traction,8,40.75,325.99,Credit card
695,01/08/2021,North,Retail,Breaking system,8,12.03,96.23,Credit card
696,01/08/2021,West,Retail,Electrical system,6,24.42,146.53,Cash
697,02/08/2021,North,Retail,Suspension & traction,9,30.55,274.95,Cash
698,02/08/2021,Central,Retail,Miscellaneous,8,29.78,238.27,Credit card
699,02/08/2021,North,Retail,Miscellaneous,4,25.78,103.11,Credit card
701,02/08/2021,North,Retail,Engine,3,61.45,184.36,Credit card
702,02/08/2021,North,Retail,Frame & body,7,35.39,247.73,Credit card
703,02/08/2021,Central,Retail,Suspension & traction,9,28.21,253.86,Credit card
705,02/08/2021,North,Retail,Electrical system,5,19.1,95.52,Credit card
706,02/08/2021,North,Retail,Suspension & traction,4,34.42,137.69,Credit card
708,02/08/2021,Central,Retail,Suspension & traction,1,30.04,30.04,Credit card
710,03/08/2021,North,Retail,Suspension & traction,3,38.05,114.16,Cash
711,03/08/2021,Central,Retail,Electrical system,8,20.89,167.09,Credit card
713,03/08/2021,Central,Retail,Suspension & traction,8,40.91,327.28,Credit card
715,03/08/2021,West,Retail,Frame & body,7,47.18,330.24,Credit card
717,03/08/2021,Central,Retail,Breaking system,5,15.7,78.52,Credit card
719,03/08/2021,North,Retail,Breaking system,2,21.98,43.97,Credit card
720,03/08/2021,Central,Retail,Breaking system,5,11.99,59.95,Credit card
721,03/08/2021,Central,Retail,Electrical system,3,31.33,93.99,Credit card
722,03/08/2021,Central,Retail,Suspension & traction,6,38.78,232.7,Credit card
724,03/08/2021,Central,Retail,Frame & body,10,44.96,449.57,Credit card
726,04/08/2021,Central,Retail,Frame & body,5,44.57,222.86,Credit card
727,04/08/2021,Central,Retail,Miscellaneous,7,23.68,165.76,Credit card
728,04/08/2021,Central,Retail,Suspension & traction,5,29.73,148.65,Credit card
732,04/08/2021,West,Retail,Suspension & traction,1,31.17,31.17,Credit card
733,04/08/2021,North,Retail,Frame & body,6,48.69,292.13,Credit card
734,04/08/2021,Central,Retail,Suspension & traction,8,36.98,295.81,Credit card
736,04/08/2021,North,Retail,Electrical system,1,29.96,29.96,Cash
738,05/08/2021,Central,Retail,Suspension & traction,2,27.69,55.39,Cash
739,05/08/2021,Central,Retail,Suspension & traction,4,39.01,156.05,Credit card
740,05/08/2021,Central,Retail,Suspension & traction,5,33.38,166.9,Credit card
741,05/08/2021,Central,Retail,Suspension & traction,6,28.7,172.21,Credit card
742,05/08/2021,Central,Retail,Breaking system,2,24.97,49.93,Credit card
743,05/08/2021,North,Retail,Electrical system,9,19.26,173.32,Credit card
744,05/08/2021,North,Retail,Suspension & traction,1,41.32,41.32,Credit card
745,05/08/2021,Central,Retail,Breaking system,4,11.08,44.3,Credit card
746,06/08/2021,Central,Retail,Electrical system,6,30.22,181.3,Credit card
747,06/08/2021,North,Retail,Electrical system,1,32.86,32.86,Cash
748,06/08/2021,North,Retail,Suspension & traction,6,30.67,183.99,Credit card
749,06/08/2021,Central,Retail,Breaking system,2,15.55,31.09,Credit card
750,06/08/2021,Central,Retail,Miscellaneous,5,16.27,81.36,Credit card
751,06/08/2021,West,Retail,Electrical system,6,24.38,146.26,Credit card
752,06/08/2021,Central,Retail,Miscellaneous,4,16.17,64.69,Credit card
753,06/08/2021,Central,Retail,Breaking system,10,14.59,145.92,Credit card
754,06/08/2021,West,Retail,Electrical system,5,19.21,96.07,Credit card
756,06/08/2021,North,Retail,Breaking system,5,18.63,93.14,Credit card
757,07/08/2021,Central,Retail,Frame & body,9,49.99,449.94,Credit card
759,07/08/2021,Central,Retail,Electrical system,4,32.33,129.31,Credit card
760,07/08/2021,North,Retail,Engine,4,58.62,234.47,Credit card
762,07/08/2021,West,Retail,Suspension & traction,6,37.65,225.91,Credit card
763,07/08/2021,North,Retail,Breaking system,8,24.55,196.39,Credit card
764,07/08/2021,Central,Retail,Breaking system,7,24.26,169.8,Credit card
766,07/08/2021,Central,Retail,Suspension & traction,4,29.25,117.01,Credit card
769,07/08/2021,North,Retail,Frame & body,2,43.48,86.96,Credit card
770,07/08/2021,North,Retail,Frame & body,10,42.04,420.43,Credit card
771,07/08/2021,North,Retail,Electrical system,10,25.32,253.23,Cash
772,07/08/2021,Central,Retail,Breaking system,1,11.05,11.05,Credit card
773,08/08/2021,North,Retail,Suspension & traction,7,40.62,284.3,Credit card
775,08/08/2021,Central,Retail,Breaking system,3,17.89,53.67,Credit card
776,08/08/2021,Central,Retail,Miscellaneous,7,16.37,114.59,Credit card
777,08/08/2021,North,Retail,Frame & body,3,37.64,112.92,Credit card
779,08/08/2021,West,Retail,Breaking system,3,15.96,47.87,Credit card
781,08/08/2021,North,Retail,Electrical system,2,26.34,52.68,Credit card
782,08/08/2021,North,Retail,Frame & body,5,43.77,218.85,Credit card
783,08/08/2021,North,Retail,Breaking system,2,22.95,45.89,Credit card
784,08/08/2021,Central,Retail,Suspension & traction,1,29.24,29.24,Credit card
785,09/08/2021,Central,Retail,Miscellaneous,6,21.13,126.77,Cash
786,09/08/2021,North,Retail,Suspension & traction,8,35.57,284.56,Credit card
787,09/08/2021,Central,Retail,Frame & body,7,39.09,273.65,Credit card
788,09/08/2021,North,Retail,Suspension & traction,5,29.72,148.6,Credit card
789,09/08/2021,Central,Retail,Electrical system,5,22.42,112.08,Credit card
791,09/08/2021,Central,Retail,Suspension & traction,2,31.72,63.43,Credit card
792,09/08/2021,North,Retail,Electrical system,2,26.63,53.26,Credit card
793,09/08/2021,North,Retail,Breaking system,4,24.11,96.45,Credit card
795,09/08/2021,West,Retail,Electrical system,7,21.61,151.28,Credit card
796,10/08/2021,Central,Retail,Suspension & traction,7,31.79,222.52,Credit card
798,10/08/2021,North,Retail,Electrical system,4,24.61,98.45,Credit card
801,10/08/2021,West,Retail,Miscellaneous,7,22.51,157.55,Credit card
804,10/08/2021,Central,Retail,Electrical system,4,23.58,94.33,Credit card
805,10/08/2021,Central,Retail,Suspension & traction,4,32.7,130.81,Credit card
806,10/08/2021,West,Retail,Electrical system,6,21.77,130.61,Credit card
807,10/08/2021,Central,Retail,Frame & body,4,49.62,198.49,Credit card
809,11/08/2021,Central,Retail,Frame & body,2,45.48,90.96,Credit card
810,11/08/2021,North,Retail,Breaking system,5,17.38,86.89,Credit card
811,11/08/2021,North,Retail,Miscellaneous,7,20.96,146.76,Credit card
812,11/08/2021,Central,Retail,Suspension & traction,8,35.65,285.21,Cash
813,11/08/2021,North,Retail,Electrical system,10,19.31,193.12,Credit card
814,11/08/2021,West,Retail,Breaking system,8,10.36,82.92,Credit card
815,11/08/2021,Central,Retail,Breaking system,2,14.12,28.23,Credit card
816,11/08/2021,Central,Retail,Engine,10,53.02,530.18,Credit card
817,11/08/2021,West,Retail,Breaking system,1,17.75,17.75,Credit card
819,12/08/2021,Central,Retail,Frame & body,1,40.48,40.48,Cash
820,12/08/2021,Central,Retail,Suspension & traction,4,30.91,123.65,Credit card
823,12/08/2021,North,Retail,Electrical system,7,33.26,232.81,Credit card
824,12/08/2021,Central,Retail,Suspension & traction,6,36.68,220.11,Credit card
826,12/08/2021,West,Retail,Suspension & traction,7,29.64,207.49,Credit card
827,12/08/2021,Central,Retail,Electrical system,9,25.22,226.98,Credit card
828,12/08/2021,Central,Retail,Breaking system,10,18.27,182.68,Credit card
829,12/08/2021,Central,Retail,Miscellaneous,8,22.2,177.61,Credit card
830,12/08/2021,Central,Retail,Breaking system,4,12.05,48.21,Credit card
831,12/08/2021,Central,Retail,Suspension & traction,9,28.6,257.37,Credit card
832,12/08/2021,North,Retail,Electrical system,3,19.28,57.84,Credit card
833,12/08/2021,West,Retail,Electrical system,5,31.32,156.59,Credit card
834,12/08/2021,Central,Retail,Engine,10,63.76,637.63,Credit card
835,12/08/2021,West,Retail,Breaking system,10,21.26,212.6,Credit card
837,13/08/2021,Central,Retail,Electrical system,4,26.25,104.99,Credit card
838,13/08/2021,Central,Retail,Electrical system,1,32.13,32.13,Cash
839,13/08/2021,North,Retail,Electrical system,9,20.82,187.34,Cash
840,13/08/2021,North,Retail,Engine,2,66.1,132.19,Credit card
842,13/08/2021,Central,Retail,Suspension & traction,8,35.88,287.01,Credit card
844,13/08/2021,Central,Retail,Breaking system,2,12.86,25.73,Credit card
845,13/08/2021,Central,Retail,Suspension & traction,9,27.26,245.38,Credit card
846,13/08/2021,Central,Retail,Engine,8,51.79,414.33,Credit card
847,13/08/2021,Central,Retail,Suspension & traction,2,30.53,61.07,Credit card
848,14/08/2021,Central,Retail,Frame & body,10,39.06,390.62,Credit card
849,14/08/2021,Central,Retail,Miscellaneous,9,27.97,251.7,Credit card
850,14/08/2021,West,Retail,Breaking system,4,24.54,98.17,Credit card
851,14/08/2021,North,Retail,Frame & body,8,45.42,363.33,Credit card
852,14/08/2021,North,Retail,Miscellaneous,5,23.94,119.68,Cash
853,14/08/2021,Central,Retail,Frame & body,1,45.83,45.83,Credit card
854,14/08/2021,Central,Retail,Suspension & traction,4,40.94,163.76,Credit card
855,14/08/2021,North,Retail,Suspension & traction,4,28.96,115.83,Credit card
857,15/08/2021,West,Retail,Miscellaneous,1,17.1,17.1,Credit card
858,15/08/2021,Central,Retail,Frame & body,6,42.42,254.51,Credit card
859,15/08/2021,North,Retail,Suspension & traction,4,37.91,151.65,Credit card
862,15/08/2021,Central,Retail,Suspension & traction,9,26.88,241.92,Credit card
863,16/08/2021,West,Retail,Suspension & traction,10,29.76,297.55,Credit card
865,16/08/2021,Central,Retail,Suspension & traction,3,32.35,97.06,Credit card
867,16/08/2021,North,Retail,Frame & body,5,38.88,194.38,Credit card
868,16/08/2021,Central,Retail,Suspension & traction,3,41.62,124.85,Credit card
869,16/08/2021,North,Retail,Electrical system,4,25.2,100.79,Credit card
871,17/08/2021,North,Retail,Breaking system,9,21.07,189.6,Credit card
872,17/08/2021,Central,Retail,Breaking system,8,12.57,100.56,Credit card
874,17/08/2021,North,Retail,Breaking system,1,10.92,10.92,Credit card
875,17/08/2021,Central,Retail,Electrical system,1,24.37,24.37,Credit card
876,17/08/2021,West,Retail,Breaking system,10,22.1,221.05,Credit card
877,17/08/2021,West,Retail,Frame & body,9,49.87,448.86,Credit card
878,17/08/2021,North,Retail,Suspension & traction,4,28.88,115.53,Credit card
879,17/08/2021,North,Retail,Electrical system,9,29.18,262.59,Credit card
881,17/08/2021,West,Retail,Electrical system,4,27.69,110.76,Credit card
882,17/08/2021,Central,Retail,Electrical system,7,21.72,152.07,Credit card
883,17/08/2021,West,Retail,Suspension & traction,4,37.59,150.35,Credit card
884,17/08/2021,Central,Retail,Electrical system,2,21.1,42.2,Cash
885,17/08/2021,North,Retail,Suspension & traction,5,30.45,152.26,Credit card
886,18/08/2021,West,Retail,Suspension & traction,6,38.86,233.17,Credit card
887,18/08/2021,Central,Retail,Frame & body,8,45.99,367.89,Credit card
888,18/08/2021,Central,Retail,Breaking system,2,24.88,49.75,Credit card
889,18/08/2021,North,Retail,Frame & body,9,39.79,358.08,Credit card
890,18/08/2021,West,Retail,Frame & body,5,37.54,187.71,Credit card
892,18/08/2021,Central,Retail,Breaking system,3,11.81,35.44,Credit card
895,18/08/2021,Central,Retail,Suspension & traction,5,40.39,201.97,Credit card
896,18/08/2021,Central,Retail,Miscellaneous,3,26.65,79.96,Credit card
897,18/08/2021,North,Retail,Miscellaneous,2,20.54,41.08,Credit card
898,18/08/2021,Central,Retail,Breaking system,1,13.94,13.94,Credit card
899,18/08/2021,North,Retail,Suspension & traction,9,40.66,365.94,Cash
900,18/08/2021,North,Retail,Frame & body,10,40.67,406.7,Cash
902,19/08/2021,West,Retail,Breaking system,6,17.88,107.29,Credit card
903,19/08/2021,North,Retail,Suspension & traction,8,40.0,320.03,Credit card
904,19/08/2021,North,Retail,Suspension & traction,3,29.41,88.24,Credit card
905,19/08/2021,North,Retail,Electrical system,5,21.41,107.04,Credit card
907,20/08/2021,Central,Retail,Breaking system,4,11.31,45.25,Cash
908,20/08/2021,North,Retail,Frame & body,6,43.69,262.13,Credit card
910,20/08/2021,North,Retail,Breaking system,5,17.76,88.8,Credit card
911,20/08/2021,North,Retail,Suspension & traction,8,33.76,270.12,Cash
912,20/08/2021,North,Retail,Suspension & traction,1,28.05,28.05,Credit card
913,20/08/2021,North,Retail,Electrical system,1,32.52,32.52,Credit card
914,20/08/2021,Central,Retail,Frame & body,6,39.5,237.02,Credit card
915,20/08/2021,North,Retail,Suspension & traction,8,33.49,267.91,Credit card
916,20/08/2021,North,Retail,Frame & body,5,47.65,238.26,Credit card
917,21/08/2021,North,Retail,Breaking system,3,17.12,51.38,Credit card
918,21/08/2021,West,Retail,Suspension & traction,7,38.53,269.73,Credit card
919,21/08/2021,Central,Retail,Breaking system,4,23.59,94.36,Credit card
920,21/08/2021,North,Retail,Suspension & traction,1,29.22,29.22,Cash
921,21/08/2021,North,Retail,Electrical system,10,28.91,289.12,Credit card
922,21/08/2021,West,Retail,Breaking system,7,19.57,136.96,Cash
923,21/08/2021,North,Retail,Breaking system,4,14.52,58.1,Credit card
924,21/08/2021,North,Retail,Miscellaneous,6,25.65,153.88,Credit card
925,21/08/2021,Central,Retail,Engine,8,59.15,473.23,Cash
927,21/08/2021,West,Retail,Suspension & traction,7,34.27,239.88,Credit card
929,22/08/2021,North,Retail,Suspension & traction,4,35.99,143.96,Credit card
930,22/08/2021,Central,Retail,Breaking system,6,18.12,108.75,Credit card
931,22/08/2021,Central,Retail,Electrical system,10,27.49,274.92,Credit card
932,22/08/2021,Central,Retail,Frame & body,5,37.46,187.31,Credit card
933,22/08/2021,Central,Retail,Breaking system,9,14.0,125.97,Cash
934,22/08/2021,Central,Retail,Suspension & traction,6,41.65,249.92,Cash
935,22/08/2021,North,Retail,Suspension & traction,2,36.72,73.44,Credit card
937,22/08/2021,Central,Retail,Electrical system,5,30.48,152.4,Credit card
938,22/08/2021,West,Retail,Suspension & traction,1,37.48,37.48,Credit card
939,23/08/2021,West,Retail,Electrical system,7,30.9,216.29,Credit card
940,23/08/2021,Central,Retail,Frame & body,2,48.88,97.77,Credit card
941,23/08/2021,North,Retail,Electrical system,7,19.89,139.21,Credit card
942,23/08/2021,Central,Retail,Breaking system,5,21.09,105.43,Credit card
943,23/08/2021,North,Retail,Electrical system,3,19.3,57.9,Credit card
945,23/08/2021,Central,Retail,Electrical system,4,25.48,101.93,Credit card
946,23/08/2021,North,Retail,Breaking system,4,17.57,70.26,Cash
947,23/08/2021,West,Retail,Miscellaneous,6,19.9,119.43,Credit card
948,24/08/2021,West,Retail,Suspension & traction,2,39.04,78.08,Cash
950,24/08/2021,Central,Retail,Electrical system,2,23.95,47.9,Cash
954,24/08/2021,West,Retail,Miscellaneous,9,16.05,144.46,Credit card
956,24/08/2021,West,Retail,Breaking system,1,16.45,16.45,Credit card
958,24/08/2021,North,Retail,Electrical system,4,27.38,109.51,Credit card
959,24/08/2021,North,Retail,Breaking system,1,17.06,17.06,Credit card
960,24/08/2021,Central,Retail,Electrical system,3,24.28,72.86,Cash
961,25/08/2021,North,Retail,Breaking system,3,17.06,51.17,Credit card
962,25/08/2021,Central,Retail,Frame & body,6,48.9,293.39,Credit card
963,25/08/2021,Central,Retail,Miscellaneous,3,18.72,56.16,Credit card
967,25/08/2021,North,Retail,Breaking system,2,21.59,43.18,Credit card
969,25/08/2021,West,Retail,Breaking system,9,24.97,224.73,Credit card
970,25/08/2021,North,Retail,Engine,8,55.41,443.28,Cash
971,26/08/2021,North,Retail,Miscellaneous,6,23.04,138.26,Cash
972,26/08/2021,North,Retail,Breaking system,7,20.24,141.7,Cash
973,26/08/2021,North,Retail,Suspension & traction,7,29.34,205.36,Credit card
974,26/08/2021,Central,Retail,Breaking system,3,13.4,40.18,Credit card
975,26/08/2021,North,Retail,Miscellaneous,3,25.28,75.84,Cash
977,26/08/2021,Central,Retail,Electrical system,3,24.61,73.82,Credit card
978,26/08/2021,North,Retail,Electrical system,7,18.35,128.43,Credit card
979,26/08/2021,Central,Retail,Miscellaneous,3,19.77,59.3,Credit card
980,26/08/2021,West,Retail,Breaking system,4,16.63,66.53,Cash
982,27/08/2021,Central,Retail,Electrical system,7,28.63,200.4,Cash
984,27/08/2021,Central,Retail,Electrical system,10,30.39,303.9,Cash
985,27/08/2021,North,Retail,Electrical system,10,28.56,285.63,Credit card
986,27/08/2021,West,Retail,Electrical system,4,21.47,85.89,Credit card
987,27/08/2021,Central,Retail,Engine,5,59.14,295.72,Credit card
988,27/08/2021,Central,Retail,Engine,10,64.64,646.45,Credit card
989,28/08/2021,North,Retail,Frame & body,7,40.04,280.27,Credit card
993,28/08/2021,West,Retail,Electrical system,6,28.37,170.21,Credit card
994,28/08/2021,North,Retail,Suspension & traction,6,30.74,184.42,Credit card
995,28/08/2021,Central,Retail,Electrical system,9,32.87,295.83,Credit card
998,28/08/2021,North,Retail,Frame & body,5,48.25,241.23,Cash
